-- MySQL Script generated by MySQL Workbench
-- Tue Nov 28 22:24:14 2023
-- Model: New Model    Version: 1.0
-- MySQL Workbench Forward Engineering

SET @OLD_UNIQUE_CHECKS=@@UNIQUE_CHECKS, UNIQUE_CHECKS=0;
SET @OLD_FOREIGN_KEY_CHECKS=@@FOREIGN_KEY_CHECKS, FOREIGN_KEY_CHECKS=0;
SET @OLD_SQL_MODE=@@SQL_MODE, SQL_MODE='ONLY_FULL_GROUP_BY,STRICT_TRANS_TABLES,NO_ZERO_IN_DATE,NO_ZERO_DATE,ERROR_FOR_DIVISION_BY_ZERO,NO_ENGINE_SUBSTITUTION';

-- -----------------------------------------------------
-- Schema SGBI_AQ3016358
-- -----------------------------------------------------

-- -----------------------------------------------------
-- Schema SGBI_AQ3016358
-- -----------------------------------------------------
CREATE SCHEMA IF NOT EXISTS `SGBI_AQ3016358` ;
USE `SGBI_AQ3016358` ;

-- -----------------------------------------------------
-- Table `SGBI_AQ3016358`.`tipo_usuario`
-- -----------------------------------------------------
CREATE TABLE IF NOT EXISTS `SGBI_AQ3016358`.`tipo_usuario` (
  `codigo_tipo` INT NOT NULL,
  `nome` VARCHAR(45) NOT NULL,
  `modulo_administrativo` VARCHAR(1) NOT NULL,
  `modulo_atendimento` VARCHAR(1) NOT NULL,
  PRIMARY KEY (`codigo_tipo`))
ENGINE = InnoDB;


-- -----------------------------------------------------
-- Table `SGBI_AQ3016358`.`usuarios`
-- -----------------------------------------------------
CREATE TABLE IF NOT EXISTS `SGBI_AQ3016358`.`usuarios` (
  `codigo_usuario` INT NOT NULL,
  `nome_completo` VARCHAR(45) NOT NULL,
  `data_nascimento` DATE NULL,
  `numero_cpf` VARCHAR(14) NULL,
  `email` VARCHAR(50) NULL,
  `endereco` VARCHAR(50) NULL,
  `numero` VARCHAR(15) NULL,
  `complemento` VARCHAR(30) NULL,
  `bairro` VARCHAR(40) NULL,
  `cidade` VARCHAR(40) NULL,
  `estado` VARCHAR(2) NULL,
  `celular` VARCHAR(20) NULL,
  `data_cadastro` DATE NULL,
  `senha_acesso` VARCHAR(64) NOT NULL,
  `codigo_tipo_usuario` INT NOT NULL,
  PRIMARY KEY (`codigo_usuario`),
  INDEX `fk_usuarios_tipo_usuario1_idx` (`codigo_tipo_usuario` ASC) VISIBLE,
  CONSTRAINT `fk_usuarios_tipo_usuario1`
    FOREIGN KEY (`codigo_tipo_usuario`)
    REFERENCES `SGBI_AQ3016358`.`tipo_usuario` (`codigo_tipo`)
    ON DELETE NO ACTION
    ON UPDATE NO ACTION)
ENGINE = InnoDB;


-- -----------------------------------------------------
-- Table `SGBI_AQ3016358`.`editoras`
-- -----------------------------------------------------
CREATE TABLE IF NOT EXISTS `SGBI_AQ3016358`.`editoras` (
  `codigo_editora` INT NOT NULL,
  `nome` VARCHAR(45) NOT NULL,
  `cnpj` VARCHAR(35) NOT NULL,
  `email` VARCHAR(50) NULL,
  `endereco` VARCHAR(50) NULL,
  `numero` VARCHAR(15) NULL,
  `complemento` VARCHAR(30) NULL,
  `bairro` VARCHAR(40) NULL,
  `cidade` VARCHAR(40) NULL,
  `estado` VARCHAR(2) NULL,
  `telefone` VARCHAR(20) NULL,
  `website` VARCHAR(70) NULL,
  `fundacao` VARCHAR(8) NULL,
  PRIMARY KEY (`codigo_editora`))
ENGINE = InnoDB;


-- -----------------------------------------------------
-- Table `SGBI_AQ3016358`.`autores`
-- -----------------------------------------------------
CREATE TABLE IF NOT EXISTS `SGBI_AQ3016358`.`autores` (
  `codigo_autor` INT NOT NULL,
  `nome_completo` VARCHAR(45) NOT NULL,
  `data_nascimento` DATE NULL,
  `biografia` TEXT(1000) NULL,
  `nacionalidade` VARCHAR(45) NULL,
  PRIMARY KEY (`codigo_autor`))
ENGINE = InnoDB;


-- -----------------------------------------------------
-- Table `SGBI_AQ3016358`.`generos`
-- -----------------------------------------------------
CREATE TABLE IF NOT EXISTS `SGBI_AQ3016358`.`generos` (
  `codigo_genero` INT NOT NULL,
  `nome` VARCHAR(45) NOT NULL,
  PRIMARY KEY (`codigo_genero`))
ENGINE = InnoDB;


-- -----------------------------------------------------
-- Table `SGBI_AQ3016358`.`livros`
-- -----------------------------------------------------
CREATE TABLE IF NOT EXISTS `SGBI_AQ3016358`.`livros` (
  `codigo_livro` INT NOT NULL,
  `titulo` VARCHAR(50) NOT NULL,
  `ano_publicacao` VARCHAR(8) NULL,
  `isbn` VARCHAR(35) NULL,
  `idioma` VARCHAR(20) NULL,
  `quantidade_paginas` INT NULL,
  `sinopse` TEXT(1000) NULL,
  `edicao` VARCHAR(45) NULL,
  `formato` VARCHAR(40) NULL,
  `classificacao_etaria` VARCHAR(25) NULL,
  `data_aquisicao` DATE NULL,
  `codigo_editora` INT NOT NULL,
  `codigo_autor` INT NOT NULL,
  `codigo_genero` INT NOT NULL,
  PRIMARY KEY (`codigo_livro`),
  INDEX `fk_livros_editoras1_idx` (`codigo_editora` ASC) VISIBLE,
  INDEX `fk_livros_autores1_idx` (`codigo_autor` ASC) VISIBLE,
  INDEX `fk_livros_generos1_idx` (`codigo_genero` ASC) VISIBLE,
  CONSTRAINT `fk_livros_editoras1`
    FOREIGN KEY (`codigo_editora`)
    REFERENCES `SGBI_AQ3016358`.`editoras` (`codigo_editora`)
    ON DELETE NO ACTION
    ON UPDATE NO ACTION,
  CONSTRAINT `fk_livros_autores1`
    FOREIGN KEY (`codigo_autor`)
    REFERENCES `SGBI_AQ3016358`.`autores` (`codigo_autor`)
    ON DELETE NO ACTION
    ON UPDATE NO ACTION,
  CONSTRAINT `fk_livros_generos1`
    FOREIGN KEY (`codigo_genero`)
    REFERENCES `SGBI_AQ3016358`.`generos` (`codigo_genero`)
    ON DELETE NO ACTION
    ON UPDATE NO ACTION)
ENGINE = InnoDB;


-- -----------------------------------------------------
-- Table `SGBI_AQ3016358`.`exemplares`
-- -----------------------------------------------------
CREATE TABLE IF NOT EXISTS `SGBI_AQ3016358`.`exemplares` (
  `codigo_exemplar` INT NOT NULL,
  `status` VARCHAR(20) NOT NULL,
  `data_aquisicao` DATE NULL,
  `codigo_livro` INT NOT NULL,
  PRIMARY KEY (`codigo_exemplar`),
  INDEX `fk_exemplares_livros_idx` (`codigo_livro` ASC) VISIBLE,
  CONSTRAINT `fk_exemplares_livros`
    FOREIGN KEY (`codigo_livro`)
    REFERENCES `SGBI_AQ3016358`.`livros` (`codigo_livro`)
    ON DELETE NO ACTION
    ON UPDATE NO ACTION)
ENGINE = InnoDB;


-- -----------------------------------------------------
-- Table `SGBI_AQ3016358`.`emprestimos`
-- -----------------------------------------------------
CREATE TABLE IF NOT EXISTS `SGBI_AQ3016358`.`emprestimos` (
  `codigo_emprestimo` INT NOT NULL,
  `data_emprestimo` DATE NOT NULL,
  `data_devolucao_prevista` DATE NOT NULL,
  `data_devolucao_real` DATE NULL,
  `codigo_usuario` INT NOT NULL,
  `codigo_exemplar` INT NOT NULL,
  PRIMARY KEY (`codigo_emprestimo`),
  INDEX `fk_emprestimos_usuarios1_idx` (`codigo_usuario` ASC) VISIBLE,
  INDEX `fk_emprestimos_exemplares1_idx` (`codigo_exemplar` ASC) VISIBLE,
  CONSTRAINT `fk_emprestimos_usuarios1`
    FOREIGN KEY (`codigo_usuario`)
    REFERENCES `SGBI_AQ3016358`.`usuarios` (`codigo_usuario`)
    ON DELETE NO ACTION
    ON UPDATE NO ACTION,
  CONSTRAINT `fk_emprestimos_exemplares1`
    FOREIGN KEY (`codigo_exemplar`)
    REFERENCES `SGBI_AQ3016358`.`exemplares` (`codigo_exemplar`)
    ON DELETE NO ACTION
    ON UPDATE NO ACTION)
ENGINE = InnoDB;


-- -----------------------------------------------------
-- Table `SGBI_AQ3016358`.`resenhas`
-- -----------------------------------------------------
CREATE TABLE IF NOT EXISTS `SGBI_AQ3016358`.`resenhas` (
  `codigo_resenha` INT NOT NULL,
  `avaliacao` VARCHAR(35) NOT NULL,
  `titulo_resenha` VARCHAR(50) NULL,
  `comentario` TEXT(500) NULL,
  `data_resenha` DATE NULL,
  `codigo_usuario` INT NOT NULL,
  `codigo_livro` INT NOT NULL,
  PRIMARY KEY (`codigo_resenha`),
  INDEX `fk_exemplares_livros_idx` (`codigo_livro` ASC) VISIBLE,
  INDEX `fk_resenhas_usuarios1_idx` (`codigo_usuario` ASC) VISIBLE,
  CONSTRAINT `fk_exemplares_livros0`
    FOREIGN KEY (`codigo_livro`)
    REFERENCES `SGBI_AQ3016358`.`livros` (`codigo_livro`)
    ON DELETE NO ACTION
    ON UPDATE NO ACTION,
  CONSTRAINT `fk_resenhas_usuarios1`
    FOREIGN KEY (`codigo_usuario`)
    REFERENCES `SGBI_AQ3016358`.`usuarios` (`codigo_usuario`)
    ON DELETE NO ACTION
    ON UPDATE NO ACTION)
ENGINE = InnoDB;


-- -----------------------------------------------------
-- Table `SGBI_AQ3016358`.`multas`
-- -----------------------------------------------------
CREATE TABLE IF NOT EXISTS `SGBI_AQ3016358`.`multas` (
  `codigo_multa` INT NOT NULL,
  `valor` FLOAT NOT NULL,
  `data_pagamento` DATE NULL,
  `status` VARCHAR(35) NULL,
  `codigo_usuario` INT NOT NULL,
  `codigo_emprestimo` INT NOT NULL,
  PRIMARY KEY (`codigo_multa`),
  INDEX `fk_multas_usuarios1_idx` (`codigo_usuario` ASC) VISIBLE,
  INDEX `fk_multas_emprestimos1_idx` (`codigo_emprestimo` ASC) VISIBLE,
  CONSTRAINT `fk_multas_usuarios1`
    FOREIGN KEY (`codigo_usuario`)
    REFERENCES `SGBI_AQ3016358`.`usuarios` (`codigo_usuario`)
    ON DELETE NO ACTION
    ON UPDATE NO ACTION,
  CONSTRAINT `fk_multas_emprestimos1`
    FOREIGN KEY (`codigo_emprestimo`)
    REFERENCES `SGBI_AQ3016358`.`emprestimos` (`codigo_emprestimo`)
    ON DELETE NO ACTION
    ON UPDATE NO ACTION)
ENGINE = InnoDB;


SET SQL_MODE=@OLD_SQL_MODE;
SET FOREIGN_KEY_CHECKS=@OLD_FOREIGN_KEY_CHECKS;
SET UNIQUE_CHECKS=@OLD_UNIQUE_CHECKS;

-- -----------------------------------------------------
-- Data for table `SGBI_AQ3016358`.`tipo_usuario`
-- -----------------------------------------------------
START TRANSACTION;
USE `SGBI_AQ3016358`;
INSERT INTO `SGBI_AQ3016358`.`tipo_usuario` (`codigo_tipo`, `nome`, `modulo_administrativo`, `modulo_atendimento`) VALUES (1, 'Administrativo', 'S', 'S');
INSERT INTO `SGBI_AQ3016358`.`tipo_usuario` (`codigo_tipo`, `nome`, `modulo_administrativo`, `modulo_atendimento`) VALUES (2, 'Bibliotecário(a)', 'N', 'S');
INSERT INTO `SGBI_AQ3016358`.`tipo_usuario` (`codigo_tipo`, `nome`, `modulo_administrativo`, `modulo_atendimento`) VALUES (3, 'Leitor(a)', 'N', 'N');

COMMIT;

-- Para vias de teste, todas as senhas são 1234.

INSERT INTO usuarios (codigo_usuario, nome_completo, data_nascimento, numero_cpf, email, endereco, numero, complemento, bairro, cidade, estado, celular, data_cadastro, senha_acesso, codigo_tipo_usuario)
VALUES
  (1, 'João Silva', '1980-05-15', '123.456.789-01', 'joao.silva@email.com', 'Rua A', '123', 'Apto 101', 'Centro', 'São Paulo', 'SP', '(11) 98765-4321', '2023-11-16', 'f6ff5adab5180a3d10ffb611f2caddd0a2b0922bde398ad186e946480bec3943', 1),
  (2, 'Maria Oliveira', '1995-02-28', '987.654.321-09', 'maria.oliveira@email.com', 'Rua B', '456', 'Casa', 'Jardim', 'Rio de Janeiro', 'RJ', '(21) 87654-3210', '2023-11-16', '307fd56085a6ed891cfb2c38276d7853b122968754378f1153e0127f3a764a0f', 1),
  (3, 'Carlos Santos', '1988-08-10', '345.678.901-45', 'carlos.santos@email.com', 'Rua C', '789', 'Bloco 3', 'Vila', 'Belo Horizonte', 'MG', '(31) 76543-2109', '2023-11-16', 'c973b83261cfc9e5ca46e4017729394d6ef61141a3ba816aa7a601f18909595b', 1),
  (4, 'Ana Pereira', '1992-12-03', '234.567.890-67', 'ana.pereira@email.com', 'Rua D', '1011', 'Casa 2', 'Parque', 'Porto Alegre', 'RS', '(51) 65432-1098', '2023-11-16', '8e2ceecbcb5c7a306792a3104b9b249f16e36d70da1ed02c7ba948690a0819b3', 1),
  (5, 'Pedro Souza', '1985-06-20', '876.543.210-23', 'pedro.souza@email.com', 'Rua E', '1213', 'Apto 304', 'Leste', 'Fortaleza', 'CE', '(85) 54321-0987', '2023-11-16', '5994471abb01112afcc18159f6cc74b4f511b99806da59b3caf5a9c173cacfc5', 1),
  (6, 'Juliana Lima', '1990-04-17', '543.210.987-54', 'juliana.lima@email.com', 'Rua F', '1415', 'Casa 5', 'Oeste', 'Salvador', 'BA', '(71) 43210-9876', '2023-11-16', '34d128f5b3dede622e107438fbefabdf0519ebab21ac7b6f2075f974d09ce524', 2),
  (7, 'Lucas Oliveira', '1982-09-25', '210.987.654-78', 'lucas.oliveira@email.com', 'Rua G', '1617', 'Bloco 7', 'Norte', 'Recife', 'PE', '(81) 32109-8765', '2023-11-16', '5570b8fffb53088e058bb8676e9ff407906055343b2aeb12877b68e971f2bedd', 2),
  (8, 'Fernanda Santos', '1987-11-08', '789.012.345-90', 'fernanda.santos@email.com', 'Rua H', '1819', 'Casa 8', 'Sul', 'Curitiba', 'PR', '(41) 21098-7654', '2023-11-16', '15e81eddfab44be16ac53a8653feab50859b4c5508a915679e33c271d2b54df', 2),
  (9, 'Ricardo Pereira', '1993-03-12', '456.789.012-34', 'ricardo.pereira@email.com', 'Rua I', '2021', 'Apto 1010', 'Centro', 'Brasília', 'DF', '(61) 10987-6543', '2023-11-16', '133a0bfd1812bddbeb47ff8f3725b73db0143fd7c8b1cf8cb1e965fc44adf3f9', 2),
  (10, 'Mariana Souza', '1989-07-29', '123.456.789-45', 'mariana.souza@email.com', 'Rua J', '2223', 'Casa 11', 'Vila', 'Manaus', 'AM', '(92) 98765-4321', '2023-11-16', 'b7dbab65222a548016d8ee71cd79baa2cbb04af76bf7bf11264ddaafef784a55', 2),
  (11, 'Anderson Lima', '1984-01-14', '987.654.321-67', 'anderson.lima@email.com', 'Rua K', '2425', 'Apto 1212', 'Parque', 'Belém', 'PA', '(91) 87654-3210', '2023-11-16', '3d75e92b223e6c1410a87bd616e87354d0450a591c900ead4f15b03622a4f84b', 3),
  (12, 'Tatiane Oliveira', '1991-05-19', '345.678.901-78', 'tatiane.oliveira@email.com', 'Rua L', '2627', 'Casa 14', 'Leste', 'Porto Velho', 'RO', '(69) 76543-2109', '2023-11-16', '64054d8092ebdd04ae20aadbe8ef3f168495fa514af6865e12f421470c8f7cb7', 3),
  (13, 'Eduardo Santos', '1986-08-02', '234.567.890-90', 'eduardo.santos@email.com', 'Rua M', '2829', 'Bloco 15', 'Oeste', 'Goiânia', 'GO', '(62) 65432-1098', '2023-11-16', '9d757d2c4b06187d275c4808a85a7d56e3c22a6d368fc9f9828312aa74d5d318', 3),
  (14, 'Camila Pereira', '1994-02-27', '876.543.210-12', 'camila.pereira@email.com', 'Rua N', '3031', 'Casa 16', 'Norte', 'São Luís', 'MA', '(98) 54321-0987', '2023-11-16', '6cf4653300e05ac846ba299459aee717926a571f68113a614219aaab8572be5c', 3),
  (15, 'Gabriel Souza', '1983-06-15', '543.210.987-23', 'gabriel.souza@email.com', 'Rua O', '3233', 'Apto 1717', 'Sul', 'Palmas', 'TO', '(63) 43210-9876', '2023-11-16', '624434d720984b65842eb9e98ee47abdf248a7b0f1e9b9274d60224fdf7c26a9', 3);

INSERT INTO editoras (codigo_editora, nome, cnpj, email, endereco, numero, complemento, bairro, cidade, estado, telefone, website, fundacao)
VALUES
  (1, 'Companhia das Letras', '12.345.678/0001-01', 'contato@companhiadasletras.com.br', 'Av. Paulista', '1000', 'Apto 301', 'Cerqueira César', 'São Paulo', 'SP', '(11) 1234-5678', 'http://www.companhiadasletras.com.br', '1986'),
  (2, 'Editora Record', '23.456.789/0001-02', 'atendimento@editorarecord.com.br', 'Rua da Quitanda', '500', 'Sala 402', 'Centro', 'Rio de Janeiro', 'RJ', '(21) 9876-5432', 'http://www.editorarecord.com.br', '1942'),
  (3, 'Editora Arqueiro', '34.567.890/0001-03', 'contato@editoraarqueiro.com.br', 'Rua Bela Cintra', '750', 'Bloco A', 'Consolação', 'São Paulo', 'SP', '(11) 8765-4321', 'http://www.editoraarqueiro.com.br', '2010'),
  (4, 'Intrínseca', '45.678.901/0001-04', 'faleconosco@intrinseca.com.br', 'Av. Brigadeiro Faria Lima', '2000', 'Andar 15', 'Itaim Bibi', 'São Paulo', 'SP', '(11) 4321-8765', 'http://www.intrinseca.com.br', '2003'),
  (5, 'Globo Livros', '56.789.012/0001-05', 'atendimento@globolivros.com.br', 'Av. Marquês de São Vicente', '10', 'Conjunto 501', 'Barra Funda', 'São Paulo', 'SP', '(11) 2109-8765', 'http://www.globolivros.com.br', '1883'),
  (6, 'Leya', '67.890.123/0001-06', 'contato@leya.com.br', 'Rua da Quitanda', '150', 'Apto 202', 'Centro', 'Rio de Janeiro', 'RJ', '(21) 5432-1098', 'http://www.leya.com.br', '2008'),
  (7, 'Editora Rocco', '78.901.234/0001-07', 'sac@editorarocco.com.br', 'Rua Frei Caneca', '545', 'Bloco B', 'Consolação', 'São Paulo', 'SP', '(11) 3210-9876', 'http://www.editorarocco.com.br', '1975'),
  (8, 'DarkSide Books', '89.012.345/0001-08', 'sac@darksidebooks.com.br', 'Av. Paulista', '1500', 'Andar 10', 'Bela Vista', 'São Paulo', 'SP', '(11) 1098-7654', 'http://www.darksidebooks.com.br', '2012'),
  (9, 'Editora Nova Fronteira', '90.123.456/0001-09', 'atendimento@novafronteira.com.br', 'Rua da Ajuda', '29', 'Sala 1001', 'Centro', 'Rio de Janeiro', 'RJ', '(21) 8765-4321', 'http://www.novafronteira.com.br', '1965'),
  (10, 'Saraiva', '01.234.567/0001-10', 'sac@saraiva.com.br', 'Av. Brigadeiro Faria Lima', '1485', 'Conjunto 301', 'Pinheiros', 'São Paulo', 'SP', '(11) 4321-0987', 'http://www.saraiva.com.br', '1914'),
  (11, 'Companhia Editora Nacional', '12.345.678/0001-11', 'contato@nacional.com.br', 'Av. Paulista', '2000', 'Bloco C', 'Bela Vista', 'São Paulo', 'SP', '(11) 2109-8765', 'http://www.nacional.com.br', '1925'),
  (12, 'L&PM Editores', '23.456.789/0001-12', 'faleconosco@lepmeditores.com.br', 'Rua da Praia', '100', 'Sala 1501', 'Centro Histórico', 'Porto Alegre', 'RS', '(51) 9876-5432', 'http://www.lepmeditores.com.br', '1974'),
  (13, 'Editora Globo', '34.567.890/0001-13', 'atendimento@editoraglobo.com.br', 'Av. Ipiranga', '1200', 'Bloco D', 'Azenha', 'Porto Alegre', 'RS', '(51) 5432-1098', 'http://www.editoraglobo.com.br', '1883'),
  (14, 'HarperCollins Brasil', '45.678.901/0001-14', 'sac@harpercollins.com.br', 'Rua da Quitanda', '300', 'Apto 501', 'Centro', 'Rio de Janeiro', 'RJ', '(21) 3210-9876', 'http://www.harpercollins.com.br', '1817'),
  (15, 'Editora Melhoramentos', '56.789.012/0001-15', 'contato@melhoramentos.com.br', 'Av. Angélica', '501', 'Bloco E', 'Higienópolis', 'São Paulo', 'SP', '(11) 1098-7654', 'http://www.melhoramentos.com.br', '1911');
  
INSERT INTO autores (codigo_autor, nome_completo, data_nascimento, biografia, nacionalidade)
VALUES
  (1, 'Machado de Assis', '1839-06-21', 'Machado de Assis foi um escritor, poeta, contista, cronista, dramaturgo, jornalista e crítico literário brasileiro. É considerado o maior nome da literatura brasileira e fundador da Academia Brasileira de Letras.', 'Brasileira'),
  (2, 'Stephen King', '1947-09-21', 'Stephen King é um escritor norte-americano, conhecido por seus trabalhos no gênero de terror. Suas obras mais famosas incluem "It", "O Iluminado" e "Carrie, a Estranha".', 'Americana'),
  (3, 'Clarice Lispector', '1920-12-10', 'Clarice Lispector foi uma escritora e jornalista brasileira, nascida na Ucrânia. Sua obra é conhecida por sua intensidade psicológica e estilo inovador. Entre suas obras mais famosas está "A Hora da Estrela".', 'Brasileira'),
  (4, 'J.K. Rowling', '1965-07-31', 'J.K. Rowling é uma escritora britânica, conhecida por ser a autora da série de livros "Harry Potter". Seus livros se tornaram um fenômeno mundial e foram adaptados para o cinema.', 'Britânica'),
  (5, 'Fiódor Dostoiévski', '1821-11-11', 'Fiódor Dostoiévski foi um dos maiores escritores russos do século XIX. Suas obras, como "Crime e Castigo" e "Os Irmãos Karamazov", exploram a psicologia humana e questões existenciais.', 'Russa'),
  (6, 'Jane Austen', '1775-12-16', 'Jane Austen foi uma romancista inglesa conhecida por suas obras satíricas sobre a sociedade e costumes do início do século XIX na Inglaterra. "Orgulho e Preconceito" é uma de suas obras mais famosas.', 'Britânica'),
  (7, 'Mia Couto', '1955-07-05', 'Mia Couto é um escritor moçambicano. Suas obras são reconhecidas por sua linguagem poética e engajamento social. Ele é autor de livros como "Terra Sonâmbula" e "A Confissão da Leoa".', 'Moçambicana'),
  (8, 'Isabel Allende', '1942-08-02', 'Isabel Allende é uma escritora chilena-americana, autora de obras como "A Casa dos Espíritos" e "Eva Luna". Seus livros frequentemente exploram temas de amor, família e política.', 'Chilena'),
  (9, 'Jorge Amado', '1912-08-10', 'Jorge Amado foi um dos mais famosos escritores brasileiros do século XX. Suas obras, como "Dona Flor e Seus Dois Maridos" e "Gabriela, Cravo e Canela", são ícones da literatura brasileira.', 'Brasileira'),
  (10, 'Haruki Murakami', '1949-01-12', 'Haruki Murakami é um escritor japonês, conhecido por seus romances surrealistas e narrativas intricadas. "Norwegian Wood" e "Kafka à Beira-Mar" são alguns de seus trabalhos notáveis.', 'Japonesa'),
  (11, 'Ziraldo', '1932-10-24', 'Ziraldo Alves Pinto é um escritor, cartunista e jornalista brasileiro. Ele é conhecido por suas obras infantis, como "O Menino Maluquinho" e "Flicts".', 'Brasileira'),
  (12, 'Agatha Christie', '1890-09-15', 'Agatha Christie foi uma escritora britânica, famosa por suas obras de mistério e detetive. Seus livros, incluindo "O Assassinato no Expresso Oriente" e "Assassinato no Beco", são clássicos do gênero.', 'Britânica'),
  (13, 'Raphael Montes', '1990-12-10', 'Raphael Montes é um escritor brasileiro, conhecido por seus romances de suspense. Algumas de suas obras incluem "Suicidas" e "Dias Perfeitos".', 'Brasileira'),
  (14, 'Julia Quinn', '1970-03-12', 'Julia Quinn é uma autora americana de romances históricos, conhecida pela série "Os Bridgertons". Seus livros são populares por suas tramas românticas e humorísticas.', 'Americana'),
  (15, 'Taylor Jenkins Reid', '1983-07-07', 'Taylor Jenkins Reid é uma autora norte-americana, conhecida por obras como "Os Sete Maridos de Evelyn Hugo" e "Daisy Jones & The Six". Suas narrativas envolventes conquistaram leitores em todo o mundo.', 'Americana');

INSERT INTO generos (codigo_genero, nome)
VALUES
  (1, 'Ficção Científica'),
  (2, 'Romance'),
  (3, 'Suspense'),
  (4, 'Fantasia'),
  (5, 'Drama'),
  (6, 'Poesia'),
  (7, 'Aventura'),
  (8, 'Mistério'),
  (9, 'Histórico'),
  (10, 'Biografia'),
  (11, 'Autoajuda'),
  (12, 'Infantil'),
  (13, 'Humor'),
  (14, 'Thriller Psicológico'),
  (15, 'Literatura Clássica');
  
INSERT INTO livros (codigo_livro, titulo, ano_publicacao, isbn, idioma, quantidade_paginas, sinopse, edicao, formato, classificacao_etaria, data_aquisicao, codigo_editora, codigo_autor, codigo_genero)
VALUES
  (1, 'Dom Casmurro', '1899', '978-85-254-0829-1', 'Português', 256, 'Dom Casmurro é um romance de Machado de Assis. A história é narrada por Bento Santiago, o Bentinho, que relembra sua juventude e os eventos que cercam seu relacionamento com Capitu.', '1ª Edição', 'Físico Brochura', 'Livre', '2023-12-16', 1, 1, 2),
  (2, 'It', '1986', '978-85-359-0273-4', 'Inglês', 1104, 'It é um thriller de terror de Stephen King. A história segue um grupo de crianças enfrentando um ser maligno que assume a forma de seus medos mais profundos.', '1ª Edição', 'Audiolivro', '18 anos', '2022-11-17', 2, 2, 3),
  (3, 'A Hora da Estrela', '1977', '978-85-359-0273-4', 'Português', 96, 'A Hora da Estrela é um romance de Clarice Lispector. A obra narra a história de Macabéa, uma mulher simples do Nordeste que busca uma vida melhor no Rio de Janeiro.', '1ª Edição', 'Ebook', '14 anos', '2021-10-18', 3, 3, 5),
  (4, 'Harry Potter e a Pedra Filosofal', '1997', '978-85-325-1176-2', 'Francês', 224, 'Harry Potter e a Pedra Filosofal é o primeiro livro da série de J.K. Rowling. A narrativa segue o jovem bruxo Harry Potter em sua jornada na escola de magia de Hogwarts.', '1ª Edição', 'Físico Capa Dura', 'Livre', '2020-09-19', 4, 4, 4),
  (5, 'Crime e Castigo', '1866', '978-85-359-0273-4', 'Russo', 544, 'Crime e Castigo é um romance de Fiódor Dostoiévski que explora as complexidades psicológicas de um estudante que comete um assassinato. A obra é um clássico da literatura russa.', '1ª Edição', 'Físico Capa Dura', '16 anos', '2023-08-20', 5, 5, 1),
  (6, 'Orgulho e Preconceito', '1813', '978-85-359-0273-4', 'Inglês', 416, 'Orgulho e Preconceito é um romance de Jane Austen. A obra aborda questões sociais e amorosas na sociedade inglesa do século XIX, seguindo a protagonista Elizabeth Bennet.', '1ª Edição', 'Ebook', '12 anos', '2022-07-21', 6, 6, 2),
  (7, 'Terra Sonâmbula', '1992', '978-85-359-0273-4', 'Português', 192, 'Terra Sonâmbula é um romance de Mia Couto que combina elementos de realismo mágico e contos folclóricos moçambicanos. A história segue dois personagens em um país devastado pela guerra civil.', '1ª Edição', 'Físico Brochura', '14 anos', '2021-06-22', 7, 7, 1),
  (8, 'A Casa dos Espíritos', '1982', '978-85-359-0273-4', 'Espanhol', 448, 'A Casa dos Espíritos é um romance de Isabel Allende. A narrativa segue a família Trueba ao longo de várias gerações, abordando temas como amor, poder e espiritualidade.', '1ª Edição', 'Audiolivro', '16 anos', '2020-05-01', 8, 8, 5),
  (9, 'Gabriela, Cravo e Canela', '1958', '978-85-359-0273-4', 'Português', 432, 'Gabriela, Cravo e Canela é um romance de Jorge Amado. Situado na Bahia, o livro aborda questões sociais, políticas e culturais, além de explorar o romance entre Gabriela e Nacib.', '1ª Edição', 'Ebook', 'Livre', '2023-04-02', 9, 9, 15),
  (10, 'Norwegian Wood', '1987', '978-85-359-0273-4', 'Japonês', 368, 'Norwegian Wood é um romance de Haruki Murakami. A história segue Toru Watanabe enquanto ele reflete sobre seu relacionamento com Naoko e Midori durante os anos 1960 no Japão.', '1ª Edição', 'Físico Capa Dura', '16 anos', '2022-03-03', 10, 10, 2),
  (11, 'O Menino Maluquinho', '1980', '978-85-359-0273-4', 'Português', 96, 'O Menino Maluquinho é um livro infantil de Ziraldo que conta as aventuras do menino travesso Maluquinho. Uma história divertida e cheia de imaginação.', '1ª Edição', 'Infantil', 'Livre', '2021-02-04', 11, 11, 12),
  (12, 'Assassinato no Expresso Oriente', '1934', '978-85-359-0273-4', 'Inglês', 264, 'Assassinato no Expresso Oriente é um clássico de Agatha Christie. O detetive Hercule Poirot investiga um assassinato a bordo do luxuoso trem Orient Express, desvendando segredos e intrigas.', '1ª Edição', 'Audiolivro', '14 anos', '2020-01-05', 12, 12, 8),
  (13, 'Jantar Secreto', '2016', '978-85-359-0273-4', 'Português', 360, 'Jantar Secreto é um thriller psicológico de Raphael Montes. A trama envolve quatro estudantes de medicina que decidem realizar jantares secretos com pratos exóticos. Conforme a narrativa avança, segredos sombrios vêm à tona.', '1ª Edição', 'Físico Brochura', '18 anos', '2023-02-06', 13, 13, 14),
  (14, 'O Duque e Eu', '2000', '978-85-359-0273-4', 'Francês', 288, 'O Duque e Eu é um romance histórico de Julia Quinn, parte da série Os Bridgertons. A obra narra o inusitado acordo entre Daphne Bridgerton e Simon Basset, o Duque de Hastings.', '1ª Edição', 'Físico Capa Dura', '18 anos', '2022-03-07', 14, 14, 2),
  (15, 'Os Sete Maridos de Evelyn Hugo', '2017', '978-85-359-0273-4', 'Português', 400, 'Os Sete Maridos de Evelyn Hugo é um romance de Taylor Jenkins Reid. A história acompanha a vida da famosa atriz Evelyn Hugo, revelando seus casamentos e segredos ao longo das décadas de Hollywood.', '1ª Edição', 'Audiolivro', '16 anos', '2021-04-08', 9, 15, 2);
  
INSERT INTO exemplares (codigo_exemplar, status, data_aquisicao, codigo_livro)
VALUES
  (1, 'Disponível', '2023-12-16', 1),
  (2, 'Emprestado', '2022-11-17', 2),
  (3, 'Manutenção', '2021-10-18', 3),
  (4, 'Disponível', '2020-09-19', 4),
  (5, 'Emprestado', '2023-08-20', 5),
  (6, 'Disponível', '2022-07-21', 6),
  (7, 'Emprestado', '2021-06-22', 7),
  (8, 'Manutenção', '2020-05-01', 8),
  (9, 'Disponível', '2023-04-02', 9),
  (10, 'Emprestado', '2022-03-03', 10),
  (11, 'Disponível', '2021-02-04', 11),
  (12, 'Emprestado', '2020-01-05', 12),
  (13, 'Disponível', '2023-02-06', 13),
  (14, 'Manutenção', '2022-03-07', 14),
  (15, 'Disponível', '2021-04-08', 15);
  
INSERT INTO emprestimos (codigo_emprestimo, data_emprestimo, data_devolucao_prevista, data_devolucao_real, codigo_usuario, codigo_exemplar)
VALUES
  (1, '2023-11-16', '2023-12-01', '2023-12-02', 1, 1),
  (2, '2023-11-16', '2023-11-30', '2023-12-01', 2, 2),
  (3, '2023-11-16', '2023-12-05', '2023-12-08', 3, 3),
  (4, '2023-11-16', '2023-12-10', '2023-12-14', 4, 4),
  (5, '2023-11-16', '2023-11-25', '2023-12-07', 5, 5),
  (6, '2023-11-16', '2023-11-28', '2023-12-01', 6, 6),
  (7, '2023-11-16', '2023-12-02', '2023-12-17', 7, 7),
  (8, '2023-11-16', '2023-12-15', '2023-12-19', 8, 8),
  (9, '2023-11-16', '2023-12-20', '2023-12-22', 9, 9),
  (10, '2023-11-16', '2023-12-25', '2024-01-01', 10, 10),
  (11, '2023-11-16', '2023-12-30', '2024-01-06', 11, 11),
  (12, '2023-11-16', '2024-01-05', '2024-01-10', 12, 12),
  (13, '2023-11-16', '2023-12-08', '2023-12-19', 13, 13),
  (14, '2023-11-16', '2023-12-12', '2023-12-25', 14, 14),
  (15, '2023-11-16', '2023-12-18', '2024-01-30', 15, 15);
  
INSERT INTO resenhas (codigo_resenha, avaliacao, titulo_resenha, comentario, data_resenha, codigo_usuario, codigo_livro)
VALUES
  (1, '4 estrelas', 'Ótima Leitura', 'Dom Casmurro é um clássico da literatura brasileira. A narrativa envolvente de Machado de Assis prende o leitor do início ao fim.', '2023-11-16', 1, 1),
  (2, '3 estrelas', 'Bom, mas longo', 'It é um livro emocionante, mas a extensão pode ser desafiadora. O desenvolvimento dos personagens é impressionante.', '2023-11-17', 2, 2),
  (3, '5 estrelas', 'Obra-prima', 'A Hora da Estrela é uma obra única que mexe com as emoções. Clarice Lispector constrói uma narrativa simples e profunda.', '2023-11-18', 3, 3),
  (4, '2 estrelas', 'Infantil Demais', 'Harry Potter e a Pedra Filosofal é bom para crianças, mas achei a trama um pouco infantil para adultos.', '2023-11-19', 4, 4),
  (5, '5 estrelas', 'Intenso e Impactante', 'Crime e Castigo é uma obra-prima que explora as complexidades da mente humana. Dostoiévski cria uma atmosfera intensa.', '2023-11-20', 5, 5),
  (6, '4 estrelas', 'Romance Clássico', 'Orgulho e Preconceito é um romance encantador que transcende o tempo. Jane Austen aborda questões sociais de forma brilhante.', '2023-11-21', 6, 6),
  (7, '3 estrelas', 'Interessante, mas Pesado', 'Terra Sonâmbula é um livro com uma narrativa envolvente, mas a carga emocional pode ser pesada. Recomendado para quem gosta de desafios literários.', '2023-11-22', 7, 7),
  (8, '4 estrelas', 'Família e Espiritualidade', 'A Casa dos Espíritos é uma jornada fascinante pela história de uma família. Isabel Allende mistura magia e realidade de forma única.', '2023-11-23', 8, 8),
  (9, '5 estrelas', 'Cultural e Romântico', 'Gabriela, Cravo e Canela é uma obra-prima de Jorge Amado que captura a essência da Bahia. Um romance que vai além do amor.', '2023-11-24', 9, 9),
  (10, '1 estrela', 'Decepcionante', 'Norwegian Wood não atendeu às minhas expectativas. A trama é lenta e sem brilho, tornando a leitura cansativa.', '2023-11-25', 10, 10),
  (11, '5 estrelas', 'Infância Divertida', 'O Menino Maluquinho é uma viagem nostálgica à infância. Ziraldo cria um personagem cativante que faz qualquer adulto se sentir criança novamente.', '2023-11-26', 11, 11),
  (12, '4 estrelas', 'Intrigante e Bem Escrito', 'Assassinato no Expresso Oriente é um clássico de Agatha Christie. O mistério é envolvente e a resolução é surpreendente.', '2023-11-27', 12, 12),
  (13, '2 estrelas', 'Desconfortavelmente Fascinante', 'Jantar Secreto é um thriller psicológico que mexe com os limites do desconforto. Raphael Montes cria uma trama única, mas algumas cenas são perturbadoras.', '2023-11-28', 13, 13),
  (14, '5 estrelas', 'Romance Encantador', 'O Duque e Eu é um romance histórico que combina paixão e intrigas. Julia Quinn constrói personagens envolventes e uma trama irresistível.', '2023-11-29', 14, 14),
  (15, '5 estrelas', 'Hollywood Revelado', 'Os Sete Maridos de Evelyn Hugo oferece uma visão fascinante dos bastidores de Hollywood. Taylor Jenkins Reid entrega uma história envolvente e emocional.', '2023-11-30', 15, 15);

INSERT INTO multas (codigo_multa, valor, data_pagamento, status, codigo_usuario, codigo_emprestimo)
VALUES
  (1, 10.00, '2023-12-03', 'Pago', 1, 1),
  (2, 15.50, NULL, 'Pendente', 2, 2),
  (3, 20.00, NULL, 'Pendente', 3, 3),
  (4, 12.75, '2023-12-15', 'Pago', 4, 4),
  (5, 8.00, NULL, 'Pendente', 5, 5),
  (6, 25.30, NULL, 'Pendente', 6, 6),
  (7, 18.50, '2023-12-18', 'Pago', 7, 7),
  (8, 30.00, '2023-12-20', 'Pago', 8, 8),
  (9, 22.90, NULL, 'Pendente', 9, 9),
  (10, 17.25, '2024-01-02', 'Pago', 10, 10),
  (11, 28.80, '2024-01-07', 'Pago', 11, 11),
  (12, 14.50, '2024-01-11', 'Pago', 12, 12),
  (13, 19.75, NULL, 'Pendente', 13, 13),
  (14, 23.60, '2023-12-26', 'Pago', 14, 14),
  (15, 35.20, '2024-01-31', 'Pago', 15, 15);

SELECT * FROM usuarios;
SELECT * FROM editoras;
SELECT * FROM autores;
SELECT * FROM generos;
SELECT * FROM livros;
SELECT * FROM exemplares;
SELECT * FROM emprestimos;
SELECT * FROM resenhas;
SELECT * FROM multas;
SELECT * FROM tipo_usuario;